Customer,2026 A/T Hard Surface New Intros Mix & Match - P1,2026 A/T Hard Surface Rolling Stacker Empty Display - P1,2026 Coretec Originals CR504 Retro Revival New Intro - P1 (Child),2026 Coretec Originals CR506 Coastal Luxe New Intro - P1 (Child),2026 Coretec Originals CR507 Lakehouse Luxe New Intro - P1 (Child),2026 COREtec Originals Display Loaded - P1 (Child),2026 Coretec Originals Mid Merchandiser East Loaded Display - P1 (Child),2026 Coretec Originals VV662 Grande Color Adds - P1 (Child),2026 Coretec Pro Mid Merchandiser Loaded Display - P1 (Child),2026 Coretec Tile CRT01 Natural Opula New Intro - P1 (Child),2026 Coretec Tile Display Loaded - P1 (Child),2026 Coretec Universal Stacker Empty - P1 (Child),2026 Shaw Floors Hard Surface 12 sku Stacker Empty Display - P1 (Child),2026 Shaw Floors Hard Surface 15 sku slider Empty Display - P1 (Child),2026 Shaw Floors Hard Surface 40 sku swingarm Empty Display - P1 (Child),2026 Shaw Floors Hard Surface 60 sku swingarm Empty Display - P1 (Child),2026 Shaw Floors Hardwood Deckboards New Intros - P1 (Child),2026 Shaw Floors Hardwood Panel by Color New Intros - P1 (Child),2026 Shaw Floors Laminate Pet Perfect Komondor Loaded Display - P1 (Child),2026 Shaw Floors Resilient Direct Glue Deckboard New Intro - P1 (Child),2026 Shaw Floors Resilient LL Homebound + Apex Loaded Display - P1 (Child),2026 Shaw Floors Resilient LL Homeward + Woodsmith Loaded Display - P1 (Child),2026 Shaw Floors Resilient Luxury Vinyl Deckboards New Intros - P1 (Child),2026 Shaw Floors Resilient Luxury Vinyl Panel by Color New Intros - P1 (Child),2026 Shaw Floors Resilient Pet Perfect Briard Loaded Display - P1 (Child),2026 Shaw Floors Tile & Stone Deckboards New Intros D4 D5 D9 - P1 (Child),2026 Shaw Floors Tile & Stone Deco Cards New Intros D4 D5 D9 - P1 (Child),2026 Shaw Floors Tile & Stone Wire Stacker Empty Display D4 D5 D9 - P1 (Child)
ACE FLOORING SYSTEMS INC - 0112466,,,,,,,,,,,,,,,,,,,,,,,,,,,,
AFFORDABLE FLOOR COVERING INC - 0142900,,,,,,,,,,,,,,,,,,,,,,,,,,,,
AL'S CARPET - 0026088,,,,,,,,,,,,,,,,,,,,,,,,,,,,
AMERICAN III BUILDING SUPPLY LLC - 3613836,,,,,,,,,,,,,,,,,,,,,,,,,,,,
ATLANTIC DUST FREE FLOOR REMOVAL LLC - 3596587,,,,,,,,,,,,,,,,,x,,,,,,,,,,,
"BAILEY, DON CARPET INC - 0026968",,,,,,,,,x2,,,,,,,,,,,,,,,,,,,
BARNARD'S CARPET BARN - 0026123,,,,,,,,,,,,,,,,,,,,,,,,,,,,
BIG ASS HARDWOOD FLOORS LLC - 8401151,,,,,,,,,,,,,,,,,,,,,,,,,,,,
BLU EAGLE FLOORING INC - 0224874,,,,,,,,,,,,,,,,,,,,,,,,,,,,
BREWER WEST PALM BEACH LLC - 0224711,,,x,x,,,,x,,,,,,,,,,,x,,,,,,,,,
BRIAN'S CARPET & COMMERCIAL FLOORING INC - 0141163,,,,,,,,,,,,,,,,,,,,,,,,,,,,
BUDGET FLOORS AND INTERIORS CORP - 3615424,,,,,,,,,,,,,,,,,,,,,,,,,,,,
BUILD LAB LLC - 3611536,,,,,,,,,,,,,,,,,,,,,,,,,,,,
CAL AND SON CARPET CORP - 0026691,,,,,,,,,,,,,,,,,,,,,,,,,,,,
CAPITOL CARPET INC - 0021286,,,x5,x5,x,,,,,,,,,,,,,,,,,,,,,,,
"CARPET BOUTIQUE INC, THE - 0011418",,,,,,,,,,,,,,,,,,,,,,,,,,,,
"CARPET CONNECTION INC, THE - 0014529",,,,,,,,,,,,,,,,,,,,,,,,,,,,
"CARPET DESIGN UNLIMITED 2015, LLC - 0220322",,,,,,,,x,,,,,,,,,,,,,,,,,,,,
CARPET MILLS DIRECT OF LAKEWORTH INC - 0123816,,,,,,,,,,,,,,,,,,,,,,,,,,,,
CARPETS BY MR JASON INC - 0021928,,,,,,,,,,,,,,,,,,,,,,,,,,,,
CATALFAMO FLOORING OF FT LAUDERDALE INC - 0223248,,,,,,,,,,,,,,,,,,,,,,,,,,,,
CENTENNIAL FLOORING CENTER INC. - 0226529,,,,,,,,,,,,,,,,,,,,,,,,,,,,
CONTEMPORARY HARDWOOD FLOORS - 8401090,,,,,,,,,,,,,,,,,,,,,,,,,,,,
CONTINENTAL CARPET INC - 0054487,,,,,,,,,,,,,,,,,,,,,,,,,,,,
COVE CAPITAL LLC - 0231153,,,,,,,,,,,,,,,,,,,,,,,,,,,,
DALORTO DESIGN INC - 3596448,,,,,,,,,,,,,,,,,,,,,,,,,,,,
DANIEL FLOORING & DESIGN INC - 0207901,,,,,,,,,,,,,,,,,,,,,,,,,x,,,
DAVIE PARTNERS INC - 7002127,,,,,,,,,,,,,,,,,,,,,,,,,,,,
DC CARPET SFL INC - 0156695,,,,,,,,,,,,,,,,,,,,,,,,,,,,
DELRAY RUG CO INC - 7005243,,,,,,,,,,,,,,,,,,,,,,,,,,,,
DELTA FLOORING RESOURCES INC - 3610395,,,,,,,,,,,,,,,,,,,,,,,,,,,,
DESIGN WHOLESALE INC - 0085828,,x,,,,,,,x,,,,,,,,,,,,,,,,,,,
DESIGNER FLOORS OF SOUTH FLORIDA INC - 0220698,,,,,,,,,,,,,,,,,,,,,,,,,,,,
EMRICK CORPORATION - 0026026,,,,,,,,,,,,,,,,,,,,,,,,,,,,
EXCLUSIVE FLOORING COLLECTION OF S FL LLC - 3500025,,,,,,,,,,,,,,,,,,,,,,,,,,,,
FLOOR IT 4 LESS INC - 0066111,x,,x,x,,,,x,,,,,,,,,,,x,,,,,,,,,
FLOOR SPECIALISTS OF WELLINGTON INC - 0189241,,,,,,,,,,,,,,,,,,,,,,,,,,,,
"FLOOR SPECIALISTS, INC - 0212912",,,,,,,,,,,,,,,,,,,,,,,,,,,,
"FLOORING CONCEPTS, INC. - 0189568",,,,,,,,,,,,,,,,,,,,,,,,,,,,
FLOORING OPTIONS INC - 0007207,,,,,,,,,,,,,,,,,,,,,,,,,,,,
"FLOR-SOURCE ENTERPRISES NO.1, INC - 0110773",,,,,,,,,,,,,,,,,,,,,,,,,,,,
FOUNDATION FLOORING LLC - 0202093,,,,,,,,,,,,,,,,,,,,,,,,,,,,
Giant Carpet & Flooring Inc. - 3603997,,x,,,,,,,,,,,,,,,,,,,,,,,,,,
H & H CARPET CO INC - 0023890,,,,,,,,,,,,,,,,,,,,,,,,,,,,
HARBOR POINT COMMERCIAL FLOORING INC - 3609766,,,,,,,,,,,,,,,,,,,,,,,,,,,,
"HORIZON TILE & CARPET SOUTHEAST, INC - 0218701",,,,,,,,,,,,,,,,,,,,,,,,,,,,
J & J PS OF POMPANO LLC - 3604024,,,,,,,,,,,,,,,,,,,,,,,,,x,,,
J.E.K. CARPET CORPORATION - 0001720,,,,,,,,,,,,,,,,,,,,,,,,,,,,
JAYS FLOORS & MORE INC - 0205730,,,,,,,,,,,,,,,,,,,,,,,,,,,,
JC TILE CORPORATION - 0218206,,,,,,,,,,,,,,,,,,,,,,,,,,,,
JC1 STUART LLC - 3613371,,,,,,,,,,,,,,,,,,,,,,,,,,,,
JCGL FAMILY FUTURES CORP - 3610247,,,,,,,,,,,,,,,,,,,,,,,,,,,,
JMC WHOLESALER LLC - 3612191,,,,,,,,,,,,,,,,,,,,,,,,,,,,
JMM FLOORING LLC - 3501051,,,,,,,,,,,,,,,,,,,,,,,,,,,,
K & P CAPITAL INC - 0127957,,,x2,x3,x,,,x2,,x2,,,,,,,,,,,,,,,,,,
K&P CAPITAL INC - 0156658,,,,,,,,,,,,,,,,,,,,,,,,,,,,
KITCHEN & BATH DESIGN STORE INC - 3613495,,,,,,,,,,,,,,,,,,,,,,,,,,,,
"KUHN FLOOORING GALLERY I, LLC - 0210309",,,,,,,,,,,,,,,,,,,x,,,,,x,x,,,
"KUHN FLOORING GALLERY I, LLC - 0028743",x,,x,x,,,,,,,,,,,,,,,,,,,,,,,,
LMFM ROTH INC - 0235632,,,,,,,,,,,,,,,,,,,,,,,,,,,,
LOURDES FLOORING INC - 0211469,,,,,,,,,,,,,,,,,,,,,,,,,,,,
LYNDA CARPET INC - 0003959,,,,,,,,,,,,,,,,,,,,,,,,,,,,
MADESA INC - 3615398,,,,,,,,,,,,,,,,,,,,,,,,,,,,
MOGO HOME LLC - 3593592,,,,,,,,,,,,,,,,,,,,,,,,,,,,
OVERLAND CONSTRUCTION CO INC - 0157046,,,,,,,,,,,,,,,,,,,,,,,,,,,,
PAULS DISTRIBUTING CO - 0008092,,,,,,,,,,,,,,,,,,,,,,,,,,,,
PEACOCK'S HARDWOOD FLOORING INC - 0198160,,,,,,,,,,,,,,,,,,,,,,,,,,,,
"PRESTIGE GENERAL CLEANING SERVICES, INC - 0216933",,,,,,,,,,,,,,,,,,,,,,,,,,,,
PRICE FLOORING LLC - 0195178,,,x,x,x,,,,,,x,,,,,,,,,,,,,,,,,
PRIDE FLOORING & HOME DECOR - 0210010,,x,x,x,,,,,,x,,,,,,,,,x,,,,,,,,,
PRIDE FLOORING & HOME DECOR INC. - 0167594,,,,,,,,,,,,,,,,,,,,,,,,,,,,
PROWORKS DISTRIBUTORS INC - 7300822,,,,,,,,,x,x,,,,,,,,,,,,,,,,,,
PS FLOORING INC - 0198813,,,,,,,,,,,,,,,,,,,,,,,,,,,,
QUANTUM FLOORS INC - 0222297,,,,,,,,,,,,x,,,,,,,,,,,,,,,,
RAY FLOORING INC. - 0179939,,,,,,,,,,,,,,,,,,,,,,,,,,,,
RC AND KINGS INC - 3596570,,,,,,,,,,,,,,,,,,,,,,,,,,,,
ROYAL PALM FLOORS SUPPLY LLC - 0069729,,,,,,,,,,,,,,,,,,,,,,,,,,,,
SAN RAFAEL LLC - 3501560,,,,,,,,,,,,,,,,,,,,,,,,,,,,
SHARK FLOORING INC. - 3613322,,,,,,,,,,,,,,,,,,,,,,,,,,,,
SHERWIN WILLIAMS 702411 - 2001424,,,,,,,,,,,,,,,,,,,,,,,,,,,,
SHERWIN WILLIAMS 702441 - 2004473,,,,,,,,,,,,,,,,,,,,,,,,,,,,
SHOP CARPET CORP - 0177809,,,,,,,,,,,,,,,,,,,,,,,,,,,,
SOUTHLAND FLOORS INC - 2009354,,,,,,,,,,,,,,,,,,,,,,,,x,,,,
STEAM-A-WAY INC - 0217857,,,,,,,,,,,,,,,,,,,,,,,,,,,,
SUNSHINE CARPET DISTRIBUTORS INC - 0060111,,,,,,,,,,,,,,,,,,,,,,,,,,,,
SUPERIOR TILE & REMODELING INC - 3613966,,,,,,,,,,,,,,,,,,,,,,,,,,,,
TREASURE COAST CARPET & INTERIORS INC. - 0055092,x,x,,,,,,,,,,,,,,,,,,,,,,,,,,
WE'LL FLOOR YOU INC - 0089364,,,x,x,,,,,x,,,,,,,,,,x2,,,,,,,,,
WHOLESALE FLOORING DISTRIBUTORS INC. - 0073124,,,,,,,,,,,,,,,,,,,,,,,,,,,,
WILLMARI ENTERPRISE CORP - 3613981,,,,,,,,,,,,,,,,,,,,,,,,,,,,
"ZAHARION'S TILE, INC - 0061083",,,,,,,,x,,,,,,,,,,,,,,,,,,,,
zzDeleted-GANGE ENTERPRISES INC - 0200688,,,,,,,,,,,,,,,,,,,,,,,,,,,,
zzDeleted-KDM RUG INC - 0017112,,,,,,,,,,,,,,,,,,,,,,,,,,,,